{
  "model_type": "LSTM",
  "sequence_length": 24,
  "n_features": 12,
  "feature_names": [
    "speed",
    "density",
    "thermal_speed",
    "dynamic_pressure",
    "speed_gradient",
    "density_gradient",
    "speed_variance_6h",
    "density_variance_6h",
    "speed_ema",
    "speed_x_density",
    "momentum_flux",
    "kp"
  ],
  "per_hour_metrics": {
    "kp+1h": {
      "mae": 0.15776769703510343,
      "rmse": 0.2720834215779729,
      "r2": 0.81550083554618,
      "accuracy": 98.4478935698448
    },
    "kp+2h": {
      "mae": 0.1694826641216952,
      "rmse": 0.2984456981278081,
      "r2": 0.7739013302542171,
      "accuracy": 97.78270509977827
    },
    "kp+3h": {
      "mae": 0.16091047265209812,
      "rmse": 0.303266554544237,
      "r2": 0.7636070388872498,
      "accuracy": 98.00443458980045
    },
    "kp+4h": {
      "mae": 0.20069971803976538,
      "rmse": 0.35473478069618086,
      "r2": 0.6740960946253245,
      "accuracy": 93.56984478935698
    },
    "kp+5h": {
      "mae": 0.17456743648542986,
      "rmse": 0.3359390548632934,
      "r2": 0.703324875201905,
      "accuracy": 96.89578713968959
    },
    "kp+6h": {
      "mae": 0.18853304270262738,
      "rmse": 0.36518986516610674,
      "r2": 0.6405290657166265,
      "accuracy": 94.90022172949001
    }
  },
  "best_1h_accuracy": 98.4478935698448
}