{
  "STATIC": {
    "lstm": {
      "mae": 0.3107298100326817,
      "r2": 0.7508620245016533,
      "accuracy_within_1": 92.85927696444577
    },
    "xgboost": {
      "mae": 0.40547524422995607,
      "r2": 0.660691129211127,
      "accuracy_within_1": 90.7977293098297
    }
  },
  "LIVE": {
    "lstm": {
      "mae": 0.34521815498870545,
      "r2": 0.4746098651923054,
      "accuracy_within_1": 90.25993426949506
    },
    "xgboost": {
      "mae": 0.37489075552617923,
      "r2": 0.6689631348278375,
      "accuracy_within_1": 91.30564684792351
    }
  }
}